<linker>
  <assembly fullname="Unity.Addressables, Version=0.0.0.0, Culture=neutral, PublicKeyToken=null" preserve="all">
    <type fullname="UnityEngine.AddressableAssets.Addressables" preserve="all" />
  </assembly>
  <assembly fullname="Unity.ResourceManager, Version=0.0.0.0, Culture=neutral, PublicKeyToken=null" preserve="all">
    <type fullname="UnityEngine.ResourceManagement.ResourceProviders.AssetBundleProvider" preserve="all" />
    <type fullname="UnityEngine.ResourceManagement.ResourceProviders.BundledAssetProvider" preserve="all" />
    <type fullname="UnityEngine.ResourceManagement.ResourceProviders.InstanceProvider" preserve="all" />
    <type fullname="UnityEngine.ResourceManagement.ResourceProviders.SceneProvider" preserve="all" />
  </assembly>
  <assembly fullname="UnityEngine.CoreModule, Version=0.0.0.0, Culture=neutral, PublicKeyToken=null">
    <type fullname="UnityEngine.Texture2D" preserve="all" />
  </assembly>
  <assembly fullname="UnityEngine.UIElementsModule, Version=0.0.0.0, Culture=neutral, PublicKeyToken=null">
    <type fullname="UnityEngine.UIElements.StyleSheet" preserve="all" />
    <type fullname="UnityEngine.UIElements.VisualTreeAsset" preserve="all" />
    <type fullname="UnityEngine.UIElements.StyleProperty" preserve="nothing" serialized="true" />
    <type fullname="UnityEngine.UIElements.StyleRule" preserve="nothing" serialized="true" />
    <type fullname="UnityEngine.UIElements.StyleSheets.Dimension" preserve="nothing" serialized="true" />
    <type fullname="UnityEngine.UIElements.StyleValueHandle" preserve="nothing" serialized="true" />
    <type fullname="UnityEngine.UIElements.UxmlNamespaceDefinition" preserve="nothing" serialized="true" />
    <type fullname="UnityEngine.UIElements.UxmlRootElementFactory" preserve="nothing" serialized="true" />
    <type fullname="UnityEngine.UIElements.VisualElement/UxmlFactory" preserve="nothing" serialized="true" />
    <type fullname="UnityEngine.UIElements.VisualElement/UxmlSerializedData" preserve="nothing" serialized="true" />
    <type fullname="UnityEngine.UIElements.VisualElementAsset" preserve="nothing" serialized="true" />
  </assembly>
</linker>